快照日期,排名,標題,類別,立場,來源,發布時間
2026-09-09,1,賓士男折返輾斃護理師！網傳「撞死賠較少」 律師駁斥：別再信錯誤說法,社會,非政治,Yahoo新聞,"Wed, 09 Sep 2026 01:02:21 GMT"
2026-09-09,1,東北風+熱帶擾動醞釀水氣多 吳德榮：周五到下周二大台北、東半部轉雨,生活氣象,非政治,UDN 聯合報,"Tue, 08 Sep 2026 23:19:30 GMT"
2026-09-09,2,今年首波東北季風報到！日夜溫差可達13度、周五雨最多,生活氣象,非政治,UDN 聯合報,"Tue, 08 Sep 2026 08:49:21 GMT"
2026-09-09,2,台中護理師凌晨過馬路遭撞不治肇逃男迴轉再撞涉殺人法辦| 社會,社會,非政治,中央社 CNA,"Tue, 08 Sep 2026 02:17:00 GMT"
2026-09-09,3,涉詐助理費才被起訴 民進黨立委林岱樺又爆侵吞1379萬政治獻金,政治,批執政,UDN 聯合報,"Wed, 09 Sep 2026 02:59:32 GMT"
2026-09-09,3,柯文哲二審首開／柯拉長陣線還要直播 法官嗆：你們要拖多久,政治,批在野,Yahoo新聞,"Tue, 08 Sep 2026 13:37:00 GMT"
2026-09-09,4,美軍發動新一輪攻擊 摧毀5艘伊朗油輪 布蘭特原油逼近100美元,國際,非政治,鉅亨網,"Tue, 08 Sep 2026 22:46:00 GMT"
2026-09-09,4,伊朗飛彈連攻美國軍艦！美軍反擊摧毀5艘油輪 警覺中俄可能暗助,國際,非政治,UDN 聯合報,"Tue, 08 Sep 2026 23:46:58 GMT"
2026-09-09,5,電子手環丟大安森林公園樹叢 張俊傑棄保逃亡逾10小時才曝光,政治,批在野,自由時報,"Tue, 08 Sep 2026 08:30:07 GMT"
2026-09-09,5,蔣萬安大寶交換生惹議！北市法務、政風都認「無涉利益迴避」,政治,批在野,NOWnews今日新聞,"Tue, 08 Sep 2026 00:25:58 GMT"
2026-09-09,6,國旅補助生日住宿金抽獎中獎率0.44% 9日上午11時起查詢這裡看| 生活,生活氣象,非政治,中央社 CNA,"Wed, 09 Sep 2026 01:58:00 GMT"
2026-09-09,6,女大生遭下藥勾李蒨蓉回憶 自曝16歲被設局「迷姦」獲救過程,社會,非政治,鏡週刊,"Mon, 07 Sep 2026 22:50:00 GMT"
2026-09-09,7,監院查蔣得立「沒發公文直接打電話」 教育局長直言：與慣例不符,政治,批在野,Yahoo新聞,"Wed, 09 Sep 2026 04:21:17 GMT"
2026-09-09,7,成淵國中87人吃午餐狂拉！蔣萬安深夜發聲滅火 網抓包1亮點全歪樓,政治,批在野,Yahoo新聞,"Tue, 08 Sep 2026 22:16:00 GMT"
2026-09-09,8,谷立言：台海若爆發衝突全球經濟衝擊超越二戰| 政治,政治,非政治,中央社 CNA,"Wed, 09 Sep 2026 02:54:00 GMT"
2026-09-09,8,魏平政正妹女兒幫拍宣傳片 開場「1句話」被網友砲轟,政治,批在野,自由時報,"Wed, 09 Sep 2026 00:25:36 GMT"
2026-09-09,9,新竹藍白破局延燒！吳子嘉告白營9人 黃士修點名徐欣瑩「政治圈滅絕大君」,政治,批在野,UDN 聯合報,"Wed, 09 Sep 2026 03:22:50 GMT"
2026-09-09,9,今年第一起！秀林鄉長卸任選議員…丈夫接棒選鄉長 雙雙涉賄遭聲押,政治,非政治,UDN 聯合報,"Wed, 09 Sep 2026 00:45:35 GMT"
2026-09-09,10,中共真的動手了！驚傳派4船艦「入侵金門海域」 現場衝突畫面流出,政治,非政治,民視新聞網,"Wed, 09 Sep 2026 03:19:13 GMT"
2026-09-09,10,獨／藍白共挺高虹安、何志勇仍無黨參選 國民黨新竹市黨部決議撤銷黨籍,政治,批在野,UDN 聯合報,"Tue, 08 Sep 2026 14:15:09 GMT"
2026-09-10,1,早出晚歸要加衣了！全台一周溫度表速看 最低溫探22度,生活氣象,非政治,UDN 聯合報,"Wed, 09 Sep 2026 13:21:53 GMT"
2026-09-10,1,早出晚歸要加衣了！全台一周溫度表速看 最低溫探22度,生活氣象,非政治,UDN 聯合報,"Wed, 09 Sep 2026 13:21:53 GMT"
2026-09-10,1,台積電營收太狂股價卻不動？網喊「委屈到不能再委屈」5大熱議一次看,經濟財經,非政治,Yahoo新聞,"Thu, 10 Sep 2026 06:20:06 GMT"
2026-09-10,1,早出晚歸要加衣了！全台一周溫度表速看 最低溫探22度,生活氣象,非政治,UDN 聯合報,"Wed, 09 Sep 2026 13:21:53 GMT"
2026-09-10,2,輾斃護理師收押看守所！賓士男林祐嘉「倒頭大睡到天亮、早餐吃光」,社會,非政治,三立新聞,"Wed, 09 Sep 2026 04:38:00 GMT"
2026-09-10,2,輾斃護理師收押看守所！賓士男林祐嘉「倒頭大睡到天亮、早餐吃光」,社會,非政治,三立新聞,"Wed, 09 Sep 2026 04:38:00 GMT"
2026-09-10,2,高金素梅助理疑棄保潛逃！要沒收的1千萬是張俊傑「本人的」 外甥女：不知道人在哪裡,政治,批在野,UDN 聯合報,"Thu, 10 Sep 2026 03:07:07 GMT"
2026-09-10,2,輾斃護理師收押看守所！賓士男林祐嘉「倒頭大睡到天亮、早餐吃光」,社會,非政治,三立新聞,"Wed, 09 Sep 2026 04:38:00 GMT"
2026-09-10,3,美國擊沉5影子油輪、伊朗報復襲10船 雙方開戰以來最大規模航運報復性襲擊,國際,非政治,Yahoo新聞,"Wed, 09 Sep 2026 12:30:44 GMT"
2026-09-10,3,美國擊沉5影子油輪、伊朗報復襲10船 雙方開戰以來最大規模航運報復性襲擊,國際,非政治,Yahoo新聞,"Wed, 09 Sep 2026 12:30:44 GMT"
2026-09-10,3,伊朗飛彈報復美軍基地！CBS：A-10遭擊中少一側機翼 8架F-15輕微受損,國際,非政治,UDN 聯合報,"Thu, 10 Sep 2026 01:57:25 GMT"
2026-09-10,3,美國擊沉5影子油輪、伊朗報復襲10船 雙方開戰以來最大規模航運報復性襲擊,國際,非政治,Yahoo新聞,"Wed, 09 Sep 2026 12:30:44 GMT"
2026-09-10,4,爆徐欣瑩民調數字「崩盤」 黃國昌嘆：國民黨利用完我們就一腳踹開,政治,批在野,自由時報,"Wed, 09 Sep 2026 05:49:25 GMT"
2026-09-10,4,爆徐欣瑩民調數字「崩盤」 黃國昌嘆：國民黨利用完我們就一腳踹開,政治,批在野,自由時報,"Wed, 09 Sep 2026 05:49:25 GMT"
2026-09-10,4,川普說法大反轉！原喊油價很快暴跌 如今改口要等到「這時候」,經濟財經,非政治,自由時報,"Thu, 10 Sep 2026 00:33:38 GMT"
2026-09-10,4,竹縣藍白合不玩了！民眾黨9人挨告 黃國昌氣炸：把我當笨蛋,政治,批在野,Yahoo新聞,"Wed, 09 Sep 2026 08:38:44 GMT"
2026-09-10,5,李洋真加碼了！官網悄更新「揮汗有禮追加100萬份」 運動部：發完為止,體育,非政治,三立新聞,"Tue, 08 Sep 2026 21:50:00 GMT"
2026-09-10,5,李洋真加碼了！官網悄更新「揮汗有禮追加100萬份」 運動部：發完為止,體育,非政治,三立新聞,"Tue, 08 Sep 2026 21:50:00 GMT"
2026-09-10,5,大巨蛋突圍捕米奇賽事喊卡！網轟蔣萬安：老鼠之亂還是沒解決,政治,批在野,三立新聞,"Wed, 09 Sep 2026 22:01:00 GMT"
2026-09-10,5,iPhone 18 Pro大漲價！最高調漲2.1萬元 4款舊機也變貴了,AI科技,非政治,自由電子報3C科技,"Wed, 09 Sep 2026 19:07:00 GMT"
2026-09-10,6,蘋果發表會一次看！摺疊iPhone Duo壓軸登場 標準版iPhone 18卻缺席？,AI科技,非政治,鉅亨網,"Wed, 09 Sep 2026 19:30:04 GMT"
2026-09-10,6,蘋果發表會一次看！摺疊iPhone Duo壓軸登場 標準版iPhone 18卻缺席？,AI科技,非政治,鉅亨網,"Wed, 09 Sep 2026 19:30:04 GMT"
2026-09-10,6,蔣得立交換資格遭美取消？ 殷瑋指他仍在美國求學反問翁達瑞一事- 政治,政治,批執政,中時新聞網,"Wed, 09 Sep 2026 05:44:24 GMT"
2026-09-10,6,北市營養午餐爭議連爆！竟要學生「排隊秤廚餘」 林延鳳揭荒唐公文內幕,政治,批在野,三立新聞,"Wed, 09 Sep 2026 10:49:00 GMT"
2026-09-10,7,布克獎執行長親送台灣驚喜禮！ 楊双子與金翎疊影藏深意,娛樂影視,非政治,自由藝文網,"Wed, 09 Sep 2026 22:34:00 GMT"
2026-09-10,7,布克獎執行長親送台灣驚喜禮！ 楊双子與金翎疊影藏深意,娛樂影視,非政治,自由藝文網,"Wed, 09 Sep 2026 22:34:00 GMT"
2026-09-10,7,東北季風南接力這時雨最大 下周恐雙颱生成 專家指它將朝台日海域前進,生活氣象,非政治,UDN 聯合報,"Thu, 10 Sep 2026 01:28:31 GMT"
2026-09-10,7,布克獎執行長親送台灣驚喜禮！ 楊双子與金翎疊影藏深意,娛樂影視,非政治,自由藝文網,"Wed, 09 Sep 2026 22:34:00 GMT"
2026-09-10,8,九合一選舉將至谷立言示警AI新型態認知戰威脅| 政治,政治,非政治,中央社 CNA,"Wed, 09 Sep 2026 03:48:00 GMT"
2026-09-10,8,九合一選舉將至谷立言示警AI新型態認知戰威脅| 政治,政治,非政治,中央社 CNA,"Wed, 09 Sep 2026 03:48:00 GMT"
2026-09-10,8,布克獎執行長親送台灣驚喜禮！ 楊双子與金翎疊影藏深意,娛樂影視,非政治,自由藝文網,"Wed, 09 Sep 2026 22:34:00 GMT"
2026-09-10,8,九合一選舉將至谷立言示警AI新型態認知戰威脅| 政治,政治,非政治,中央社 CNA,"Wed, 09 Sep 2026 03:48:00 GMT"
2026-09-10,9,北市營養午餐爭議連爆！竟要學生「排隊秤廚餘」 林延鳳揭荒唐公文內幕,政治,批在野,三立新聞,"Wed, 09 Sep 2026 10:49:00 GMT"
2026-09-10,9,北市營養午餐爭議連爆！竟要學生「排隊秤廚餘」 林延鳳揭荒唐公文內幕,政治,批在野,三立新聞,"Wed, 09 Sep 2026 10:49:00 GMT"
2026-09-10,9,賴清德自豪提7律師參選 李四川競辦酸：怎只有蘇巧慧不懂利衝法？,政治,批執政,UDN 聯合報,"Thu, 10 Sep 2026 02:44:16 GMT"
2026-09-10,9,不副署是制衡總統？卓榮泰：明天會被換掉,政治,中性政治,Yahoo新聞,"Wed, 09 Sep 2026 16:40:41 GMT"
2026-09-10,10,新聞眼／川普批左派智庫 台灣掃到颱風尾,國際,非政治,UDN 聯合報,"Wed, 09 Sep 2026 17:49:21 GMT"
2026-09-10,10,新聞眼／川普批左派智庫 台灣掃到颱風尾,國際,非政治,UDN 聯合報,"Wed, 09 Sep 2026 17:49:21 GMT"
2026-09-10,10,史丹佛學者直批卓揆不副署「公然違憲」 社群：打臉賴桑- 政治,政治,批執政,中時新聞網,"Wed, 09 Sep 2026 11:46:28 GMT"
2026-09-10,10,新聞眼／川普批左派智庫 台灣掃到颱風尾,國際,非政治,UDN 聯合報,"Wed, 09 Sep 2026 17:49:21 GMT"
2026-09-11,1,高金素梅助理張俊傑逃亡過程「黑白配」 向小黃借手機閃避通聯| 法律前線| 社會,政治,批在野,UDN 聯合報,"Thu, 10 Sep 2026 23:35:50 GMT"
2026-09-11,1,美伊海上互襲 胡塞奪摩卡港、劍指曼德海峽擴大中東戰線,國際,非政治,鉅亨網,"Thu, 10 Sep 2026 22:49:07 GMT"
2026-09-11,1,美伊海上互襲 胡塞奪摩卡港、劍指曼德海峽擴大中東戰線,國際,非政治,鉅亨網,"Thu, 10 Sep 2026 22:49:07 GMT"
2026-09-11,2,美伊海上互襲 胡塞奪摩卡港、劍指曼德海峽擴大中東戰線,國際,非政治,鉅亨網,"Thu, 10 Sep 2026 22:49:07 GMT"
2026-09-11,2,明天的天氣/新颱風杜鵑將生成！最新路徑曝「全台降溫雨下整周」，直到這天才轉晴| 蔡惠芯 | 風生活,生活氣象,非政治,風傳媒,"Thu, 10 Sep 2026 10:43:00 GMT"
2026-09-11,2,高雄前議長朱安雄中國病逝享壽82歲！曾叱吒南台灣政商界 骨灰今返台,政治,中性政治,Yahoo新聞,"Thu, 10 Sep 2026 14:06:00 GMT"
2026-09-11,3,明天的天氣/新颱風杜鵑將生成！最新路徑曝「全台降溫雨下整周」，直到這天才轉晴| 蔡惠芯 | 風生活,生活氣象,非政治,風傳媒,"Thu, 10 Sep 2026 10:43:00 GMT"
2026-09-11,3,高金素梅助理張俊傑逃亡過程「黑白配」 向小黃借手機閃避通聯| 法律前線| 社會,政治,批在野,UDN 聯合報,"Thu, 10 Sep 2026 23:35:50 GMT"
2026-09-11,3,明天的天氣/新颱風杜鵑將生成！最新路徑曝「全台降溫雨下整周」，直到這天才轉晴| 蔡惠芯 | 風生活,生活氣象,非政治,風傳媒,"Thu, 10 Sep 2026 10:43:00 GMT"
2026-09-11,4,新竹「無意綠白合」…黃國昌轟鄭朝方家族：光電賺飽飽,政治,批執政,UDN 聯合報,"Thu, 10 Sep 2026 16:34:41 GMT"
2026-09-11,4,新竹「無意綠白合」…黃國昌轟鄭朝方家族：光電賺飽飽,政治,批執政,UDN 聯合報,"Thu, 10 Sep 2026 16:34:41 GMT"
2026-09-11,4,新竹「無意綠白合」…黃國昌轟鄭朝方家族：光電賺飽飽,政治,批執政,UDN 聯合報,"Thu, 10 Sep 2026 16:34:41 GMT"
2026-09-11,5,伊朗夜襲約旦美軍基地！美媒：8架F-15受損、A-10少一側機翼- 國際,國際,非政治,中時新聞網,"Thu, 10 Sep 2026 09:33:54 GMT"
2026-09-11,5,伊朗夜襲約旦美軍基地！美媒：8架F-15受損、A-10少一側機翼- 國際,國際,非政治,中時新聞網,"Thu, 10 Sep 2026 09:33:54 GMT"
2026-09-11,5,伊朗夜襲約旦美軍基地！美媒：8架F-15受損、A-10少一側機翼- 國際,國際,非政治,中時新聞網,"Thu, 10 Sep 2026 09:33:54 GMT"
2026-09-11,6,高雄前議長朱安雄中國病逝享壽82歲！曾叱吒南台灣政商界 骨灰今返台,政治,中性政治,Yahoo新聞,"Thu, 10 Sep 2026 14:06:00 GMT"
2026-09-11,6,高雄前議長朱安雄中國病逝享壽82歲！曾叱吒南台灣政商界 骨灰今返台,政治,中性政治,Yahoo新聞,"Thu, 10 Sep 2026 14:06:00 GMT"
2026-09-11,6,涉收中資當共諜！高金素梅主任羈押禁見 弟弟是蛋黃酥達人陳耀訓,政治,批在野,三立新聞,"Thu, 10 Sep 2026 09:44:00 GMT"
2026-09-11,7,國安危機 台灣人口連32個月負成長,經濟財經,非政治,UDN 聯合報,"Thu, 10 Sep 2026 16:00:00 GMT"
2026-09-11,7,王偉忠讚沈伯洋選情順 指蔣萬安議會質詢「都快昏了」,政治,批在野,Yahoo新聞,"Thu, 10 Sep 2026 13:23:00 GMT"
2026-09-11,7,國安危機 台灣人口連32個月負成長,經濟財經,非政治,UDN 聯合報,"Thu, 10 Sep 2026 16:00:00 GMT"
2026-09-11,8,敲碗成功！沈伯洋正面迎擊「蔣萬安4年前考題」 王偉忠大讚：好聰明,政治,正面執政,Yahoo新聞,"Thu, 10 Sep 2026 15:00:52 GMT"
2026-09-11,8,竹北藍白分裂 邱臣遠曝陳見賢私下提醒「你玩不過這些人」,政治,批在野,UDN 聯合報,"Thu, 10 Sep 2026 14:24:25 GMT"
2026-09-11,8,敲碗成功！沈伯洋正面迎擊「蔣萬安4年前考題」 王偉忠大讚：好聰明,政治,正面執政,Yahoo新聞,"Thu, 10 Sep 2026 15:00:52 GMT"
2026-09-11,9,不只蔣萬安兒子！北市府證實共送4名「雙重國籍者」赴美留學：有美國、加拿大跟瑞士| 張大任| 新聞,政治,中性政治,風傳媒,"Thu, 10 Sep 2026 10:32:48 GMT"
2026-09-11,9,藍營內鬨疑雲未解！王惠美今北上會卓榮泰爭取建設 行政院承諾全力協助,政治,中性政治,三立新聞,"Thu, 10 Sep 2026 14:41:00 GMT"
2026-09-11,9,台灣不需要打贏！AIT谷立言一句點破關鍵 黃暐瀚：建軍不是要殲滅解放軍,政治,中性政治,Yahoo新聞,"Thu, 10 Sep 2026 21:21:00 GMT"
2026-09-11,10,吳子嘉明公布竹北市長民調 邱臣遠：削弱白營參選正當性、操作棄保,政治,批在野,自由時報,"Thu, 10 Sep 2026 11:30:54 GMT"
2026-09-11,10,私立大學傳中國籍女師上課狂提「中國台灣」 陸委會回應了,政治,中性政治,Yahoo新聞,"Thu, 10 Sep 2026 22:02:00 GMT"
2026-09-11,10,吳子嘉明公布竹北市長民調 邱臣遠：削弱白營參選正當性、操作棄保,政治,批在野,自由時報,"Thu, 10 Sep 2026 11:30:54 GMT"
2026-09-12,1,兵臨紅海！葉門青年運動占莫加 沙國求川普出兵遭拒,國際,非政治,UDN 聯合報,"Fri, 11 Sep 2026 16:00:00 GMT"
2026-09-12,1,兵臨紅海！葉門青年運動占莫加 沙國求川普出兵遭拒,國際,非政治,UDN 聯合報,"Fri, 11 Sep 2026 16:00:00 GMT"
2026-09-12,2,哥哥涉收受中資被羈押 陳耀訓「為1事」發聲了：嚇到不敢亂說話,社會,非政治,三立新聞,"Fri, 11 Sep 2026 14:26:00 GMT"
2026-09-12,2,北市中正區爆槍響！1女中彈送醫搶救警追緝嫌犯- 社會,社會,非政治,中時新聞網,"Fri, 11 Sep 2026 07:28:07 GMT"
2026-09-12,3,北市中正區爆槍響！1女中彈送醫搶救警追緝嫌犯- 社會,社會,非政治,中時新聞網,"Fri, 11 Sep 2026 07:28:07 GMT"
2026-09-12,3,王偉忠指選情滿順、蔣萬安快昏了沈伯洋：提醒要關注市政問題| 政治,政治,批在野,Newtalk新聞,"Fri, 11 Sep 2026 02:35:06 GMT"
2026-09-12,4,王偉忠指選情滿順、蔣萬安快昏了沈伯洋：提醒要關注市政問題| 政治,政治,批在野,Newtalk新聞,"Fri, 11 Sep 2026 02:35:06 GMT"
2026-09-12,4,女子失聯近1個月竟遭殺害棄屍陽明山男友涉重嫌昨拘提到案| 焦點事件| 社會,社會,非政治,UDN 聯合報,"Fri, 11 Sep 2026 23:27:35 GMT"
2026-09-12,5,女子失聯近1個月竟遭殺害棄屍陽明山男友涉重嫌昨拘提到案| 焦點事件| 社會,社會,非政治,UDN 聯合報,"Fri, 11 Sep 2026 23:27:35 GMT"
2026-09-12,5,入秋首波東北季風周末減弱 第2波將接力報到 專家曝3特徵,生活氣象,非政治,UDN 聯合報,"Fri, 11 Sep 2026 22:46:55 GMT"
2026-09-12,6,入秋首波東北季風周末減弱 第2波將接力報到 專家曝3特徵,生活氣象,非政治,UDN 聯合報,"Fri, 11 Sep 2026 22:46:55 GMT"
2026-09-12,6,交車鑰匙幫高金素梅大帳房張俊傑逃亡！ 周煥凱遭羈押禁見,政治,批在野,鏡週刊,"Thu, 10 Sep 2026 22:50:00 GMT"
2026-09-12,7,副總統蕭美琴義大利演說：台灣有權和世界交朋友,政治,中性政治,Yahoo新聞,"Fri, 11 Sep 2026 21:09:28 GMT"
2026-09-12,7,副總統蕭美琴義大利演說：台灣有權和世界交朋友,政治,中性政治,tw.news.yahoo.com,"Fri, 11 Sep 2026 21:09:28 GMT"
2026-09-12,8,新聞幕後／美方高度期待無人載具條例 綠不敢再拖延,AI科技,非政治,UDN 聯合報,"Fri, 11 Sep 2026 16:00:00 GMT"
2026-09-12,8,新聞幕後／美方高度期待無人載具條例 綠不敢再拖延,AI科技,非政治,UDN 聯合報,"Fri, 11 Sep 2026 16:00:00 GMT"
2026-09-12,9,魚販送金目鯛祝「鴻運當頭」 沈伯洋超捧場接住網笑翻,政治,正面執政,自由時報,"Fri, 11 Sep 2026 12:23:51 GMT"
2026-09-12,9,魚販送金目鯛祝「鴻運當頭」 沈伯洋超捧場接住網笑翻,政治,正面執政,自由時報,"Fri, 11 Sep 2026 12:23:51 GMT"
2026-09-12,10,「炒房亡國論」20年後成真？出生人口9年慘腰斬 學者揭「4大生存抉擇」,經濟財經,非政治,自由時報,"Fri, 11 Sep 2026 12:30:00 GMT"
2026-09-12,10,「炒房亡國論」20年後成真？出生人口9年慘腰斬 學者揭「4大生存抉擇」,經濟財經,非政治,自由時報,"Fri, 11 Sep 2026 12:30:00 GMT"
2026-09-13,1,東北季風一波波！下周降雨熱區曝光 周四後中部以北日夜溫差恐達7度,生活氣象,非政治,UDN 聯合報,"Sat, 12 Sep 2026 08:51:23 GMT"
2026-09-13,1,東北季風一波波！下周降雨熱區曝光 周四後中部以北日夜溫差恐達7度,生活氣象,非政治,UDN 聯合報,"Sat, 12 Sep 2026 08:51:23 GMT"
2026-09-13,1,東北季風一波波！下周降雨熱區曝光 周四後中部以北日夜溫差恐達7度,生活氣象,非政治,UDN 聯合報,"Sat, 12 Sep 2026 08:51:23 GMT"
2026-09-13,2,板橋造勢湧6千人！李四川喊「新北要2顆蛋」 侯友宜力挺：比我更會做事,政治,正面在野,三立新聞,"Sat, 12 Sep 2026 13:54:00 GMT"
2026-09-13,2,板橋造勢湧6千人！李四川喊「新北要2顆蛋」 侯友宜力挺：比我更會做事,政治,正面在野,三立新聞,"Sat, 12 Sep 2026 13:54:00 GMT"
2026-09-13,2,板橋造勢湧6千人！李四川喊「新北要2顆蛋」 侯友宜力挺：比我更會做事,政治,正面在野,三立新聞,"Sat, 12 Sep 2026 13:54:00 GMT"
2026-09-13,3,中天6點聲明再控周玉琴！曝2段對話紀錄 斥責賴岳謙「謊稱被退通告」,娛樂影視,非政治,Yahoo新聞,"Sat, 12 Sep 2026 10:52:47 GMT"
2026-09-13,3,中天6點聲明再控周玉琴！曝2段對話紀錄 斥責賴岳謙「謊稱被退通告」,娛樂影視,非政治,Yahoo新聞,"Sat, 12 Sep 2026 10:52:47 GMT"
2026-09-13,3,中天6點聲明再控周玉琴！曝2段對話紀錄 斥責賴岳謙「謊稱被退通告」,娛樂影視,非政治,Yahoo新聞,"Sat, 12 Sep 2026 10:52:47 GMT"
2026-09-13,4,熱帶擾動將發展為「強聖嬰年」強颱 吳德榮：歐洲、美國預測路徑分歧,生活氣象,非政治,UDN 聯合報,"Sat, 12 Sep 2026 23:18:45 GMT"
2026-09-13,4,熱帶擾動將發展為「強聖嬰年」強颱 吳德榮：歐洲、美國預測路徑分歧,生活氣象,非政治,UDN 聯合報,"Sat, 12 Sep 2026 23:18:45 GMT"
2026-09-13,4,熱帶擾動將發展為「強聖嬰年」強颱 吳德榮：歐洲、美國預測路徑分歧,生活氣象,非政治,UDN 聯合報,"Sat, 12 Sep 2026 23:18:45 GMT"
2026-09-13,5,共同社：北京威脅華府若批准新對台軍售將取消習川會| 國際,政治,非政治,cna.com.tw,"Sat, 12 Sep 2026 14:03:00 GMT"
2026-09-13,5,共同社：北京威脅華府若批准新對台軍售將取消習川會| 國際,政治,非政治,cna.com.tw,"Sat, 12 Sep 2026 14:03:00 GMT"
2026-09-13,5,共同社：北京威脅華府若批准新對台軍售將取消習川會| 國際,政治,非政治,中央社 CNA,"Sat, 12 Sep 2026 14:03:00 GMT"
2026-09-13,6,影／訪日赫見穿防彈背心沈伯洋「我被中國通緝」：出國都會穿| 縣市長議員選戰| 要聞,政治,中性政治,UDN 聯合報,"Sat, 12 Sep 2026 10:03:36 GMT"
2026-09-13,6,影／訪日赫見穿防彈背心沈伯洋「我被中國通緝」：出國都會穿| 縣市長議員選戰| 要聞,政治,中性政治,UDN 聯合報,"Sat, 12 Sep 2026 10:03:36 GMT"
2026-09-13,6,影／訪日赫見穿防彈背心沈伯洋「我被中國通緝」：出國都會穿| 縣市長議員選戰| 要聞,政治,中性政治,UDN 聯合報,"Sat, 12 Sep 2026 10:03:36 GMT"
2026-09-13,7,教你怎麼當第一夫人？陳佩琪突轟賴清德太太「躲在官邸靜悄悄」 網酸爆,政治,批執政,Yahoo新聞,"Sat, 12 Sep 2026 21:59:00 GMT"
2026-09-13,7,教你怎麼當第一夫人？陳佩琪突轟賴清德太太「躲在官邸靜悄悄」 網酸爆,政治,批執政,Yahoo新聞,"Sat, 12 Sep 2026 21:59:00 GMT"
2026-09-13,7,教你怎麼當第一夫人？陳佩琪突轟賴清德太太「躲在官邸靜悄悄」 網酸爆,政治,批執政,Yahoo新聞,"Sat, 12 Sep 2026 21:59:00 GMT"
2026-09-13,8,高金素梅前主任張俊傑棄保潛逃 接應司機陳俊翰遭羈押禁見,政治,批在野,UDN 聯合報,"Sat, 12 Sep 2026 23:05:00 GMT"
2026-09-13,8,高金素梅前主任張俊傑棄保潛逃 接應司機陳俊翰遭羈押禁見,政治,批在野,UDN 聯合報,"Sat, 12 Sep 2026 23:05:00 GMT"
2026-09-13,8,高金素梅前主任張俊傑棄保潛逃 接應司機陳俊翰遭羈押禁見,政治,批在野,UDN 聯合報,"Sat, 12 Sep 2026 23:05:00 GMT"
2026-09-13,9,反擊中國抗議歐洲議會副議長：接受蕭美琴邀請將訪問台灣| 政治,政治,正面執政,cna.com.tw,"Fri, 11 Sep 2026 22:34:00 GMT"
2026-09-13,9,反擊中國抗議歐洲議會副議長：接受蕭美琴邀請將訪問台灣| 政治,政治,正面執政,cna.com.tw,"Fri, 11 Sep 2026 22:34:00 GMT"
2026-09-13,9,逾200萬人赴中！年輕人狂參加統戰團，余宗基籲亡羊補牢認清危險性,政治,非政治,Yahoo新聞,"Sat, 12 Sep 2026 22:12:00 GMT"
2026-09-13,10,小三替人夫開槍射正宮！怕被斷金援 槍藏絨毛娃娃「事前蹲點」預謀犯案,社會,非政治,UDN 聯合報,"Sat, 12 Sep 2026 08:02:39 GMT"
2026-09-13,10,小三替人夫開槍射正宮！怕被斷金援 槍藏絨毛娃娃「事前蹲點」預謀犯案,社會,非政治,UDN 聯合報,"Sat, 12 Sep 2026 08:02:39 GMT"
2026-09-13,10,反擊中國抗議歐洲議會副議長：接受蕭美琴邀請將訪問台灣| 政治,政治,正面執政,中央社 CNA,"Fri, 11 Sep 2026 22:34:00 GMT"
2026-09-14,1,6：44台灣東南部海域規模4.9地震 綠島最大震度4級,生活氣象,非政治,UDN 聯合報,"Sun, 13 Sep 2026 23:14:11 GMT"
2026-09-14,1,6：44台灣東南部海域規模4.9地震 綠島最大震度4級,生活氣象,非政治,UDN 聯合報,"Sun, 13 Sep 2026 23:14:11 GMT"
2026-09-14,1,半個台灣有感！06：44規模4.9極淺層地震 最大震度4級,生活氣象,非政治,Yahoo新聞,"Sun, 13 Sep 2026 23:07:00 GMT"
2026-09-14,2,東北季風影響3天迎風面降雨增 熱帶擾動將成強颱路徑大迴轉,生活氣象,非政治,Yahoo新聞,"Sun, 13 Sep 2026 22:17:47 GMT"
2026-09-14,2,蕭美琴驚險突破封鎖抵義大利！北京不爽嗆卑鄙 他讚外交一事：見證歷史,政治,正面執政,Yahoo新聞,"Sun, 13 Sep 2026 22:02:00 GMT"
2026-09-14,2,東北季風影響3天迎風面降雨增 熱帶擾動將成強颱路徑大迴轉,生活氣象,非政治,Yahoo新聞,"Sun, 13 Sep 2026 22:17:47 GMT"
2026-09-14,3,澎湖海線全面戒備 嚴防高金素梅「大帳房」張俊傑偷渡,政治,中性政治,自由時報,"Sun, 13 Sep 2026 09:12:36 GMT"
2026-09-14,3,天氣》今越晚雨越大！「強聖嬰年」強颱恐生成路徑大迴轉- 生活,生活氣象,非政治,中時新聞網,"Sun, 13 Sep 2026 23:22:37 GMT"
2026-09-14,3,蕭美琴驚險突破封鎖抵義大利！北京不爽嗆卑鄙 他讚外交一事：見證歷史,政治,正面執政,Yahoo新聞,"Sun, 13 Sep 2026 22:02:00 GMT"
2026-09-14,4,中國抗議蕭美琴訪問義大利外長：未聯繫北京、挺維持現狀| 政治,政治,中性政治,中央社 CNA,"Sat, 12 Sep 2026 16:32:00 GMT"
2026-09-14,4,習近平不對勁？莫迪金磚峰會演說2度問「還好嗎」 晚宴罕見缺席,國際,非政治,自由時報,"Sun, 13 Sep 2026 10:03:48 GMT"
2026-09-14,4,持續往南追…高金素梅前助理張俊傑逃亡案 警連2天自南部帶回2男釐清,政治,批在野,UDN 聯合報,"Sun, 13 Sep 2026 14:38:27 GMT"
2026-09-14,5,習近平出席印度金磚峰會：時隔七年再訪，與莫迪、普京握手背後，中印關係破冰？,國際,非政治,BBC,"Sun, 13 Sep 2026 11:02:52 GMT"
2026-09-14,5,快訊／涉共諜案！張俊傑棄千萬保金跑了 白牌車「包手男」聲押禁見獲准,政治,批在野,三立新聞,"Sat, 12 Sep 2026 14:56:00 GMT"
2026-09-14,5,習近平不對勁？莫迪金磚峰會演說2度問「還好嗎」 晚宴罕見缺席,國際,非政治,自由時報,"Sun, 13 Sep 2026 10:03:48 GMT"
2026-09-14,6,昔嗆不歡迎柯文哲來日本 日議員上畠寛弘與沈伯洋合體：研究吸菸區管理,政治,正面執政,三立新聞,"Sun, 13 Sep 2026 08:24:00 GMT"
2026-09-14,6,殺女友棄屍陽明山！37歲凶嫌啃老還吹牛「我賣遊艇」,社會,非政治,東森新聞,"Sun, 13 Sep 2026 04:26:00 GMT"
2026-09-14,6,冷血同居男友遭起底！他前科累累…勒斃女友「棄屍陽明山」淪荒野腐屍,社會,非政治,三立新聞,"Sun, 13 Sep 2026 01:38:00 GMT"
2026-09-14,7,民進黨創黨元老林豐喜挺江啟臣任顧問團長 民進黨：將開會討論,政治,中性政治,UDN 聯合報,"Sun, 13 Sep 2026 08:14:58 GMT"
2026-09-14,7,IVE小巨蛋看板出現Chinese Taipei惹議 洪健益點名蔣萬安應立即回應,政治,批在野,自由時報,"Sun, 13 Sep 2026 13:51:32 GMT"
2026-09-14,7,預言「藍至少掉5席」！他才剛被國民黨開除 現身站台力挺蘇巧慧,政治,中性政治,Yahoo新聞,"Sun, 13 Sep 2026 22:32:00 GMT"
2026-09-14,8,預言「藍至少掉5席」！他才剛被國民黨開除 現身站台力挺蘇巧慧,政治,中性政治,Yahoo新聞,"Sun, 13 Sep 2026 22:32:00 GMT"
2026-09-14,8,預言「藍至少掉5席」！他才剛被國民黨開除 現身站台力挺蘇巧慧,政治,中性政治,Yahoo新聞,"Sun, 13 Sep 2026 22:32:00 GMT"
2026-09-14,8,主動找沈伯洋敬酒卻說「被突襲」？秦慧珠深夜發聲還原現場,政治,中性政治,自由時報,"Sun, 13 Sep 2026 22:46:00 GMT"
2026-09-14,9,年底大選「兩個人的武林」 他：蔣萬安選情不垮也人設半毀,政治,批在野,壹蘋新聞網,"Sun, 13 Sep 2026 11:56:00 GMT"
2026-09-14,9,主動找沈伯洋敬酒卻說「被突襲」？秦慧珠深夜發聲還原現場,政治,中性政治,自由時報,"Sun, 13 Sep 2026 22:46:00 GMT"
2026-09-14,9,卓榮泰酸台北敬老卡只600點...市府回應使用範圍最廣 嗆卓助選搞政治,政治,互批,UDN 聯合報,"Sun, 13 Sep 2026 11:45:35 GMT"
2026-09-14,10,卓榮泰酸台北敬老卡只600點...市府回應使用範圍最廣 嗆卓助選搞政治,政治,互批,UDN 聯合報,"Sun, 13 Sep 2026 11:45:35 GMT"
2026-09-14,10,年底大選「兩個人的武林」 他：蔣萬安選情不垮也人設半毀,政治,批在野,壹蘋新聞網,"Sun, 13 Sep 2026 11:56:00 GMT"
2026-09-14,10,不擔心習近平取消訪美！川普公開喊「兩人還是超麻吉」,國際,非政治,Yahoo新聞,"Sun, 13 Sep 2026 16:12:00 GMT"
2026-09-15,1,中國入境新規9/15施行 陸委會示警5類民眾需留意風險,政治,中性政治,公視新聞網PNN,"Mon, 14 Sep 2026 04:35:09 GMT"
2026-09-15,1,中國入境新規9/15施行 陸委會示警5類民眾需留意風險,政治,中性政治,公視新聞網PNN,"Mon, 14 Sep 2026 04:35:09 GMT"
2026-09-15,1,AI巨頭齊踩煞車！費半狂洩692點、記憶體股全崩 台指期夜盤失守46K、台積電ADR收黑,經濟財經,非政治,Yahoo新聞,"Mon, 14 Sep 2026 23:15:00 GMT"
2026-09-15,2,沖繩變天 日布局「台灣有事」阻力大減,國際,非政治,UDN 聯合報,"Mon, 14 Sep 2026 16:02:18 GMT"
2026-09-15,2,杜鵑最快今生成 專家：下周一起影響日本 乾脆不囉嗦的颱風,生活氣象,非政治,UDN 聯合報,"Mon, 14 Sep 2026 22:15:45 GMT"
2026-09-15,2,中國入境新規9/15施行 陸委會示警5類民眾需留意風險,政治,中性政治,公視新聞網PNN,"Mon, 14 Sep 2026 04:35:09 GMT"
2026-09-15,3,蕭美琴驚險突破封鎖抵義大利！北京不爽嗆卑鄙 他讚外交一事：見證歷史,政治,正面執政,三立新聞,"Sun, 13 Sep 2026 21:57:00 GMT"
2026-09-15,3,沖繩變天 日布局「台灣有事」阻力大減,國際,非政治,UDN 聯合報,"Mon, 14 Sep 2026 16:02:18 GMT"
2026-09-15,3,沖繩變天 日布局「台灣有事」阻力大減,國際,非政治,UDN 聯合報,"Mon, 14 Sep 2026 16:02:18 GMT"
2026-09-15,4,淑麗氣象／東北季風又來了！北北基宜越晚雨越大,生活氣象,非政治,東森新聞,"Sun, 13 Sep 2026 23:34:00 GMT"
2026-09-15,4,蕭美琴驚險突破封鎖抵義大利！北京不爽嗆卑鄙 他讚外交一事：見證歷史,政治,正面執政,三立新聞,"Sun, 13 Sep 2026 21:57:00 GMT"
2026-09-15,4,遇惡劣海象暈船嘔吐！ 林佳龍陪蕭美琴訪義返台：外交不是逞強鬥狠,政治,中性政治,自由時報,"Mon, 14 Sep 2026 04:44:28 GMT"
2026-09-15,5,沙烏地輸油管關閉恐影響全球4％供應 國際油價跳漲逾2％,經濟財經,非政治,自由時報,"Mon, 14 Sep 2026 01:02:34 GMT"
2026-09-15,5,沙烏地輸油管關閉恐影響全球4％供應 國際油價跳漲逾2％,經濟財經,非政治,自由時報,"Mon, 14 Sep 2026 01:02:34 GMT"
2026-09-15,5,波烏邊境遇攻擊！前英相強生搭車驚魂「逃過一劫」：普亭是被逼到牆角的老鼠| 國際焦點| 全球,國際,非政治,UDN 聯合報,"Mon, 14 Sep 2026 14:38:29 GMT"
2026-09-15,6,罕見缺席晚宴！習近平訪印驚傳不適 印度總理2度中斷致詞問「還好嗎」,國際,非政治,Yahoo新聞,"Mon, 14 Sep 2026 04:57:46 GMT"
2026-09-15,6,罕見缺席晚宴！習近平訪印驚傳不適 印度總理2度中斷致詞問「還好嗎」,國際,非政治,Yahoo新聞,"Mon, 14 Sep 2026 04:57:46 GMT"
2026-09-15,6,又變天了！東北季風連吹3天「2地轉雨」 杜鵑颱風恐生成,生活氣象,非政治,三立新聞,"Mon, 14 Sep 2026 00:38:00 GMT"
2026-09-15,7,郭禮伯臨終坦承章孝嚴是他的孩子 黃清龍：太過敏感只能深埋心底,其他,非政治,自由時報,"Mon, 14 Sep 2026 06:52:32 GMT"
2026-09-15,7,獨／一張照看前鎮漁港「烏龜」埋雜草中無人理 民眾虧「怎游回大海」,其他,非政治,UDN 聯合報,"Mon, 14 Sep 2026 23:10:51 GMT"
2026-09-15,7,接應高金素梅助理張俊傑逃亡 台中海線兄弟聲押禁見,政治,批在野,UDN 聯合報,"Mon, 14 Sep 2026 17:29:57 GMT"
2026-09-15,8,賴清德想幫盛魚「蔡英文急遮住碗」！小英1句吐槽曝真相 網全笑翻,政治,中性政治,Yahoo新聞,"Mon, 14 Sep 2026 23:23:00 GMT"
2026-09-15,8,郭禮伯臨終坦承章孝嚴是他的孩子 黃清龍：太過敏感只能深埋心底,其他,非政治,自由時報,"Mon, 14 Sep 2026 06:52:32 GMT"
2026-09-15,8,郭禮伯臨終坦承章孝嚴是他的孩子 黃清龍：太過敏感只能深埋心底,其他,非政治,自由時報,"Mon, 14 Sep 2026 06:52:32 GMT"
2026-09-15,9,爆青鳥控蔣萬安太太「矮化國格」 藍議員火大轟：賤招一堆- 政治,政治,互批,中時新聞網,"Mon, 14 Sep 2026 13:50:46 GMT"
2026-09-15,9,爆青鳥控蔣萬安太太「矮化國格」 藍議員火大轟：賤招一堆- 政治,政治,互批,中時新聞網,"Mon, 14 Sep 2026 13:50:46 GMT"
2026-09-15,9,賴清德想幫盛魚「蔡英文急遮住碗」！小英1句吐槽曝真相 網全笑翻,政治,中性政治,Yahoo新聞,"Mon, 14 Sep 2026 23:23:00 GMT"
2026-09-15,10,前鎮漁港花大錢卻開不了門 地方憂遊客跑了,其他,非政治,UDN 聯合報,"Mon, 14 Sep 2026 16:00:00 GMT"
2026-09-15,10,新系議員轟廢監院毀憲亂政 蔣萬安反擊：昔主張廢今成酬庸、髮夾彎？,政治,互批,UDN 聯合報,"Mon, 14 Sep 2026 07:41:44 GMT"
2026-09-15,10,美若對台軍售習近平取消川習會？川普回應了- 國際,政治,非政治,中時新聞網,"Sun, 13 Sep 2026 23:59:32 GMT"
2026-09-16,1,竹聯義堂武將「小麥可」協助共諜張俊傑逃亡 曾犯下立法院槍擊案,政治,批在野,UDN 聯合報,"Tue, 15 Sep 2026 07:03:36 GMT"
2026-09-16,1,竹聯義堂武將「小麥可」協助共諜張俊傑逃亡 曾犯下立法院槍擊案,政治,批在野,UDN 聯合報,"Tue, 15 Sep 2026 07:03:36 GMT"
2026-09-16,1,杜鵑颱風估今生成！預估大迴轉最新路徑曝光 午後降雨熱區曝,生活氣象,非政治,tw.news.yahoo.com,"Tue, 15 Sep 2026 22:53:00 GMT"
2026-09-16,2,獨家／黑人心肌梗塞 緊急送往台大醫院治療 老婆范瑋琪守身旁,娛樂影視,非政治,Yahoo新聞,"Tue, 15 Sep 2026 12:59:00 GMT"
2026-09-16,2,陳建州急性心肌梗塞緊急手術 術後轉加護病房首發文：一切平安,娛樂影視,非政治,Yahoo新聞,"Tue, 15 Sep 2026 21:15:54 GMT"
2026-09-16,2,竹聯義堂武將「小麥可」協助共諜張俊傑逃亡 曾犯下立法院槍擊案,政治,批在野,UDN 聯合報,"Tue, 15 Sep 2026 07:03:36 GMT"
2026-09-16,3,秋爽天氣只到明天 周末再轉炎熱 下周能否降溫杜鵑颱風北轉位置是關鍵,生活氣象,非政治,UDN 聯合報,"Wed, 16 Sep 2026 00:00:38 GMT"
2026-09-16,3,秋爽天氣只到明天 周末再轉炎熱 下周能否降溫杜鵑颱風北轉位置是關鍵,生活氣象,非政治,UDN 聯合報,"Wed, 16 Sep 2026 00:00:38 GMT"
2026-09-16,3,沈伯洋民調追上蔣萬安？秦慧珠開箱「真實數據」：哭吧吳思瑤,政治,批執政,NOWnews今日新聞,"Tue, 15 Sep 2026 05:37:10 GMT"
2026-09-16,4,美媒提美中「戰略重置」構想：川普放棄台灣、換陸撤出「這2國」,國際,非政治,鉅亨網,"Tue, 15 Sep 2026 23:32:05 GMT"
2026-09-16,4,美媒提美中「戰略重置」構想：川普放棄台灣、換陸撤出「這2國」,國際,非政治,鉅亨網,"Tue, 15 Sep 2026 23:32:05 GMT"
2026-09-16,4,川習會前夕 林佳龍：台美要去管理中國,政治,中性政治,UDN 聯合報,"Tue, 15 Sep 2026 16:00:00 GMT"
2026-09-16,5,沈伯洋民調追上蔣萬安？秦慧珠開箱「真實數據」：哭吧吳思瑤,政治,批執政,NOWnews今日新聞,"Tue, 15 Sep 2026 05:37:10 GMT"
2026-09-16,5,沈伯洋民調追上蔣萬安？秦慧珠開箱「真實數據」：哭吧吳思瑤,政治,批執政,NOWnews今日新聞,"Tue, 15 Sep 2026 05:37:10 GMT"
2026-09-16,5,獨家／黑人心肌梗塞 緊急送往台大醫院治療 老婆范瑋琪守身旁,娛樂影視,非政治,鏡週刊,"Tue, 15 Sep 2026 12:59:00 GMT"
2026-09-16,6,烏克蘭無視川普警告 襲擊俄羅斯煉油廠,國際,非政治,鉅亨網,"Tue, 15 Sep 2026 13:47:35 GMT"
2026-09-16,6,烏克蘭無視川普警告 襲擊俄羅斯煉油廠,國際,非政治,鉅亨網,"Tue, 15 Sep 2026 13:47:35 GMT"
2026-09-16,6,烏克蘭無視川普警告 襲擊俄羅斯煉油廠,國際,非政治,鉅亨網,"Tue, 15 Sep 2026 13:47:35 GMT"
2026-09-16,7,今日（09/15）重點新聞！勞動部今發紅包，勞保年金「每人平均領19000」／14縣市長輩健保費「免申請政府自動代繳」／颱風杜鵑影響台灣嗎？,經濟財經,非政治,風傳媒,"Tue, 15 Sep 2026 04:04:29 GMT"
2026-09-16,7,今日（09/15）重點新聞！勞動部今發紅包，勞保年金「每人平均領19000」／14縣市長輩健保費「免申請政府自動代繳」／颱風杜鵑影響台灣嗎？,經濟財經,非政治,風傳媒,"Tue, 15 Sep 2026 04:04:29 GMT"
2026-09-16,7,林佳龍稱「台美共管中國」 學者：聞所未聞,政治,批執政,UDN 聯合報,"Tue, 15 Sep 2026 16:00:00 GMT"
2026-09-16,8,不副署被美國學者認證公然違憲郭正亮：賴清德已歷史留名- 政治,政治,批執政,中時新聞網,"Tue, 15 Sep 2026 16:01:30 GMT"
2026-09-16,8,不副署被美國學者認證公然違憲郭正亮：賴清德已歷史留名- 政治,政治,批執政,中時新聞網,"Tue, 15 Sep 2026 16:01:30 GMT"
2026-09-16,8,不副署被美國學者認證公然違憲郭正亮：賴清德已歷史留名- 政治,政治,批執政,中時新聞網,"Tue, 15 Sep 2026 16:01:30 GMT"
2026-09-16,9,綠營猛打蔣萬安兒矇到選票？名醫嗆：選舉亂打低估選民- 政治,政治,互批,中時新聞網,"Mon, 14 Sep 2026 23:53:38 GMT"
2026-09-16,9,林佳龍稱「台美共管中國」 學者：聞所未聞,政治,批執政,UDN 聯合報,"Tue, 15 Sep 2026 16:00:00 GMT"
2026-09-16,9,今日（09/15）重點新聞！勞動部今發紅包，勞保年金「每人平均領19000」／14縣市長輩健保費「免申請政府自動代繳」／颱風杜鵑影響台灣嗎？,經濟財經,非政治,風傳媒,"Tue, 15 Sep 2026 04:04:29 GMT"
2026-09-16,10,沈伯洋合體陳水扁！加LINE燦笑、抱娃傻眼照笑翻全網,政治,正面執政,自由時報,"Tue, 15 Sep 2026 10:44:51 GMT"
2026-09-16,10,潛蕭美琴演講！他揭神秘女露餡：中國派人來,政治,中性政治,Yahoo新聞,"Tue, 15 Sep 2026 13:31:13 GMT"
2026-09-16,10,蔣萬安妻昔喊Chinese Taipei遭出征 沈伯洋：應聚焦「是誰害我們用」,政治,批在野,三立新聞,"Tue, 15 Sep 2026 13:40:00 GMT"
2026-09-17,1,杜鵑颱風飛得快估升中颱！大迴轉最新路徑曝光 今3地降雨機率高,生活氣象,非政治,Yahoo新聞,"Wed, 16 Sep 2026 22:30:00 GMT"
2026-09-17,1,杜鵑颱風飛得快估升中颱！大迴轉最新路徑曝光 今3地降雨機率高,生活氣象,非政治,Yahoo新聞,"Wed, 16 Sep 2026 22:30:00 GMT"
2026-09-17,1,杜鵑颱風周末起威脅日本 專家：飛得快難變胖估達中颱 赴東京注意航班,生活氣象,非政治,UDN 聯合報,"Wed, 16 Sep 2026 21:57:42 GMT"
2026-09-17,2,沈伯洋石牌掃街支持者擠爆！林杏兒酸「工讀生」 今再批丟臉：我們把假洋流掀開了,政治,互批,鏡週刊,"Wed, 16 Sep 2026 08:39:00 GMT"
2026-09-17,2,沈伯洋石牌掃街支持者擠爆！林杏兒酸「工讀生」 今再批丟臉：我們把假洋流掀開了,政治,互批,鏡週刊,"Wed, 16 Sep 2026 08:39:00 GMT"
2026-09-17,2,沈伯洋公館掃街「蔥抓餅婆婆竟是于北辰阿姨」！驚人諜戰背景曝光,政治,中性政治,Yahoo新聞,"Wed, 16 Sep 2026 03:36:21 GMT"
2026-09-17,3,幕僚諜影4-3》張俊傑擺老闆姿態 要求高金讓他掛公費助理,政治,批在野,自由時報,"Wed, 16 Sep 2026 02:32:24 GMT"
2026-09-17,3,幕僚諜影4-3》張俊傑擺老闆姿態 要求高金讓他掛公費助理,政治,批在野,自由時報,"Wed, 16 Sep 2026 02:32:24 GMT"
2026-09-17,3,警政署警務正涉持有毒品遭搜索 移送法辦將依法免職,社會,非政治,自由時報,"Wed, 16 Sep 2026 10:54:06 GMT"
2026-09-17,4,PLG／觀看友誼賽心肌梗塞送醫 聯盟：陳建州術後恢復狀況良好,體育,非政治,UDN 聯合報,"Tue, 15 Sep 2026 13:51:54 GMT"
2026-09-17,4,PLG／觀看友誼賽心肌梗塞送醫 聯盟：陳建州術後恢復狀況良好,體育,非政治,UDN 聯合報,"Tue, 15 Sep 2026 13:51:54 GMT"
2026-09-17,4,8天婚假增至14天！ 勞動部宣布加碼 支持勞工想婚,生活氣象,非政治,UDN 聯合報,"Wed, 16 Sep 2026 14:01:49 GMT"
2026-09-17,5,〈美股盤後〉Fed三年來首度升息！道瓊急瀉超630點 標普寫逾一個月低點,經濟財經,非政治,鉅亨網,"Wed, 16 Sep 2026 21:32:54 GMT"
2026-09-17,5,〈美股盤後〉Fed三年來首度升息！道瓊急瀉超630點 標普寫逾一個月低點,經濟財經,非政治,鉅亨網,"Wed, 16 Sep 2026 21:32:54 GMT"
2026-09-17,5,陳建州急性心肌梗塞！范范急哭揭過程摯友小S震驚嚇哭了| 星聞,娛樂影視,非政治,三立新聞,"Tue, 15 Sep 2026 23:31:00 GMT"
2026-09-17,6,提內湖交通新解方！沈伯洋拋9.5億蓋「自行車專用橋」跨河越堤直通內科,政治,中性政治,三立新聞,"Wed, 16 Sep 2026 03:09:00 GMT"
2026-09-17,6,提內湖交通新解方！沈伯洋拋9.5億蓋「自行車專用橋」跨河越堤直通內科,政治,中性政治,三立新聞,"Wed, 16 Sep 2026 03:09:00 GMT"
2026-09-17,6,幕僚諜影4-4》高金案揭統戰台灣原住民藍圖 廈大16族田調藏玄機,政治,批在野,自由時報,"Wed, 16 Sep 2026 02:37:00 GMT"
2026-09-17,7,台美打造台海「地獄場景」？ 揭仲：美爭辯對中戰略 我需負更多責任,政治,非政治,UDN 聯合報,"Wed, 16 Sep 2026 12:41:54 GMT"
2026-09-17,7,台美打造台海「地獄場景」？ 揭仲：美爭辯對中戰略 我需負更多責任,政治,非政治,UDN 聯合報,"Wed, 16 Sep 2026 12:41:54 GMT"
2026-09-17,7,台美打造台海「地獄場景」？ 揭仲：美爭辯對中戰略 我需負更多責任,政治,非政治,UDN 聯合報,"Wed, 16 Sep 2026 12:41:54 GMT"
2026-09-17,8,人口對策新措施 勞動部將宣告婚假8天增為14天,生活氣象,非政治,中央社 CNA,"Wed, 16 Sep 2026 12:27:00 GMT"
2026-09-17,8,人口對策新措施 勞動部將宣告婚假8天增為14天,生活氣象,非政治,中央社 CNA,"Wed, 16 Sep 2026 12:27:00 GMT"
2026-09-17,8,被列違紀參選！民進黨部喊採法律行動 朱政騏嗆：吳沛憶已違反選罷法,政治,批執政,三立新聞,"Wed, 16 Sep 2026 08:50:00 GMT"
2026-09-17,9,被列違紀參選！民進黨部喊採法律行動 朱政騏嗆：吳沛憶已違反選罷法,政治,批執政,三立新聞,"Wed, 16 Sep 2026 08:50:00 GMT"
2026-09-17,9,被列違紀參選！民進黨部喊採法律行動 朱政騏嗆：吳沛憶已違反選罷法,政治,批執政,三立新聞,"Wed, 16 Sep 2026 08:50:00 GMT"
2026-09-17,9,衝告別式要人投票給她？柯志恩火大了 採取法律行動全面提告,政治,批在野,news.nextapple.com,"Wed, 16 Sep 2026 11:51:00 GMT"
2026-09-17,10,藍白：全球民主現況報告 打臉賴政府,政治,批執政,UDN 聯合報,"Wed, 16 Sep 2026 16:00:00 GMT"
2026-09-17,10,藍白：全球民主現況報告 打臉賴政府,政治,批執政,UDN 聯合報,"Wed, 16 Sep 2026 16:00:00 GMT"
2026-09-17,10,藍白：全球民主現況報告 打臉賴政府,政治,批執政,UDN 聯合報,"Wed, 16 Sep 2026 16:00:00 GMT"
2026-09-18,1,幕後／謝新隆狂言「輸了沒面子」釀禍 謝典霖議會宴客保溪湖本命區 她爆料掀風暴,政治,批在野,Yahoo新聞,"Thu, 17 Sep 2026 22:30:00 GMT"
2026-09-18,1,前立委鄭汝芬100萬交保 謝家幹部接人、女兒謝衣鳯未現身,政治,批在野,Yahoo新聞,"Thu, 17 Sep 2026 21:53:51 GMT"
2026-09-18,1,謝典霖與父母遭聲請羈押 謝寒冰斷言結局：若被押就有好戲瞧了,社會,非政治,Yahoo新聞,"Thu, 17 Sep 2026 12:42:52 GMT"
2026-09-18,2,沈伯洋、蔣萬安看好誰當選？台北市長網路投票3.6萬人結果一面倒，他看好度破5成6,政治,中性政治,風傳媒,"Thu, 17 Sep 2026 06:44:45 GMT"
2026-09-18,2,明熱飆36度！杜鵑暴風圈下週「籠罩日本3地區」 最新移動路徑曝,生活氣象,非政治,Yahoo新聞,"Thu, 17 Sep 2026 13:35:00 GMT"
2026-09-18,2,沈伯洋、蔣萬安看好誰當選？台北市長網路投票3.6萬人結果一面倒，他看好度破5成6,政治,中性政治,風傳媒,"Thu, 17 Sep 2026 06:44:45 GMT"
2026-09-18,3,獨／涉助共諜張俊傑潛逃 竹聯幫義堂「小麥可」投案押往新店分局偵訊,政治,批在野,UDN 聯合報,"Thu, 17 Sep 2026 05:50:57 GMT"
2026-09-18,3,藍綠同場！蔣萬安稱自行車橋不可行 沈伯洋：大家不想聽「做不到」3字,政治,中性政治,三立新聞,"Thu, 17 Sep 2026 13:25:00 GMT"
2026-09-18,3,獨／涉助共諜張俊傑潛逃 竹聯幫義堂「小麥可」投案押往新店分局偵訊,政治,批在野,UDN 聯合報,"Thu, 17 Sep 2026 05:50:57 GMT"
2026-09-18,4,「健康幣」10月上路 首年預估核發至少136億幣,生活氣象,非政治,health.ltn.com.tw,"Thu, 17 Sep 2026 05:41:00 GMT"
2026-09-18,4,紅海石油命脈告急！沙國急向中國求援 北京私下要求伊朗約束青年運動,國際,非政治,鉅亨網,"Thu, 17 Sep 2026 13:10:02 GMT"
2026-09-18,4,「健康幣」10月上路 首年預估核發至少136億幣,生活氣象,非政治,health.ltn.com.tw,"Thu, 17 Sep 2026 05:41:00 GMT"
2026-09-18,5,營建股明天要噴了？央行鬆綁信用管制馨傳智庫何世昌：猶如房市續命丸- 房市,經濟財經,非政治,工商時報,"Thu, 17 Sep 2026 10:27:00 GMT"
2026-09-18,5,獨／涉助共諜張俊傑潛逃 竹聯幫義堂「小麥可」投案押往新店分局偵訊,政治,批在野,UDN 聯合報,"Thu, 17 Sep 2026 05:50:57 GMT"
2026-09-18,5,營建股明天要噴了？央行鬆綁信用管制馨傳智庫何世昌：猶如房市續命丸- 房市,經濟財經,非政治,工商時報,"Thu, 17 Sep 2026 10:27:00 GMT"
2026-09-18,6,高虹安、盧秀燕淪縣市長民調「最慘吊車尾」！醫猜是這原因：其他民調明明還不錯 | 張大任 | 新聞,政治,中性政治,風傳媒,"Thu, 17 Sep 2026 06:25:54 GMT"
2026-09-18,6,健康幣10月上路12月起兌換最多可累積1.3萬幣| 政治,生活氣象,非政治,cna.com.tw,"Thu, 17 Sep 2026 05:15:00 GMT"
2026-09-18,6,〈台股盤前要聞〉台指期夜盤大漲突破4萬7、央行不跟進升息對房市再鬆綁,經濟財經,非政治,鉅亨網,"Thu, 17 Sep 2026 21:11:11 GMT"
2026-09-18,7,王偉忠稱梁文傑「表情冷冷讓同胞寒冷」！妻林楚茵高EQ發聲了,政治,批執政,Yahoo新聞,"Thu, 17 Sep 2026 22:02:00 GMT"
2026-09-18,7,沈伯洋掃街掀「洋流」，北市要變天了？郭正亮憶綠營2005年慘案：給青鳥上一課,政治,中性政治,Yahoo新聞,"Thu, 17 Sep 2026 14:49:04 GMT"
2026-09-18,7,王偉忠稱梁文傑「表情冷冷讓同胞寒冷」！妻林楚茵高EQ發聲了,政治,批執政,Yahoo新聞,"Thu, 17 Sep 2026 22:02:00 GMT"
2026-09-18,8,今熱飆36度週末全台天氣出爐！杜鵑颱風增強「東北大迴轉」 路徑曝光,生活氣象,非政治,Yahoo新聞,"Thu, 17 Sep 2026 22:55:00 GMT"
2026-09-18,8,王偉忠稱梁文傑「表情冷冷讓同胞寒冷」！妻林楚茵高EQ發聲了,政治,批執政,Yahoo新聞,"Thu, 17 Sep 2026 22:02:00 GMT"
2026-09-18,8,今熱飆36度週末全台天氣出爐！杜鵑颱風增強「東北大迴轉」 路徑曝光,生活氣象,非政治,Yahoo新聞,"Thu, 17 Sep 2026 22:55:00 GMT"
2026-09-18,9,全公開！全台候選人犯罪「1黨洗榜」 驗證傅崐萁「沒2、3條不大尾」,政治,非政治,ETtoday新聞雲,"Thu, 17 Sep 2026 02:15:00 GMT"
2026-09-18,9,高虹安、盧秀燕淪縣市長民調「最慘吊車尾」！醫猜是這原因：其他民調明明還不錯 | 張大任 | 新聞,政治,中性政治,風傳媒,"Thu, 17 Sep 2026 06:25:54 GMT"
2026-09-18,9,全公開！全台候選人犯罪「1黨洗榜」 驗證傅崐萁「沒2、3條不大尾」,政治,非政治,ETtoday新聞雲,"Thu, 17 Sep 2026 02:15:00 GMT"
2026-09-18,10,打完了？川普證實與伊朗已「直接接觸」 美媒報導白宮擬定「戰後第一天」計畫,國際,非政治,Yahoo新聞,"Thu, 17 Sep 2026 08:00:39 GMT"
2026-09-18,10,全公開！全台候選人犯罪「1黨洗榜」 驗證傅崐萁「沒2、3條不大尾」,政治,非政治,ETtoday新聞雲,"Thu, 17 Sep 2026 02:15:00 GMT"
2026-09-18,10,高虹安、盧秀燕淪縣市長民調「最慘吊車尾」！醫猜是這原因：其他民調明明還不錯 | 張大任 | 新聞,政治,中性政治,風傳媒,"Thu, 17 Sep 2026 06:25:54 GMT"
2026-09-19,1,謝新隆、謝典霖遭羈押 Cheap酸：機關算盡太聰明、連褲子都賠進去,社會,非政治,Yahoo新聞,"Fri, 18 Sep 2026 14:50:40 GMT"
2026-09-19,1,謝典霖父子涉賄選遭羈押看守所編號曝光 宵夜嗑泡麵早餐吃光光,社會,非政治,Yahoo新聞,"Fri, 18 Sep 2026 04:21:29 GMT"
2026-09-19,1,謝典霖父子涉賄選遭羈押看守所編號曝光 宵夜嗑泡麵早餐吃光光,社會,非政治,Yahoo新聞,"Fri, 18 Sep 2026 04:21:29 GMT"
2026-09-19,2,【更新】協助張俊傑脫逃第10人現形 吳東翰軍營拘提5萬交保,政治,批在野,Yahoo新聞,"Fri, 18 Sep 2026 15:39:13 GMT"
2026-09-19,2,突破異溫層！？沈伯洋掃街 民眾舉牌「我是中國人我選沈伯洋」合照,政治,正面執政,三立新聞,"Fri, 18 Sep 2026 04:10:00 GMT"
2026-09-19,2,川普宣布達格陵蘭協議 將大規模駐軍並獲「永久安全控制權」,國際,非政治,鉅亨網,"Fri, 18 Sep 2026 22:11:03 GMT"
2026-09-19,3,川普宣布達成格陵蘭協議！美「永久」掌控安全 丹麥總理回應了,國際,非政治,UDN 聯合報,"Fri, 18 Sep 2026 23:23:58 GMT"
2026-09-19,3,川普宣布達成格陵蘭協議！美「永久」掌控安全 丹麥總理回應了,國際,非政治,UDN 聯合報,"Fri, 18 Sep 2026 23:23:58 GMT"
2026-09-19,3,獨／高雄飛澳門班機遭鳥襲延誤 129名旅客從下午等到天黑還沒飛,社會,非政治,UDN 聯合報,"Fri, 18 Sep 2026 12:57:35 GMT"
2026-09-19,4,獨／高雄飛澳門班機遭鳥襲延誤 129名旅客從下午等到天黑還沒飛,社會,非政治,UDN 聯合報,"Fri, 18 Sep 2026 12:57:35 GMT"
2026-09-19,4,獨／高雄飛澳門班機遭鳥襲延誤 129名旅客從下午等到天黑還沒飛,社會,非政治,UDN 聯合報,"Fri, 18 Sep 2026 12:57:35 GMT"
2026-09-19,4,突破異溫層！？沈伯洋掃街 民眾舉牌「我是中國人我選沈伯洋」合照,政治,正面執政,三立新聞,"Fri, 18 Sep 2026 04:10:00 GMT"
2026-09-19,5,沈伯洋景美夜市掃街再掀「洋流」 接戰政論節目《面對面》對決蔣萬安：今晚就可以,政治,中性政治,Yahoo新聞,"Fri, 18 Sep 2026 13:53:00 GMT"
2026-09-19,5,秋老虎報到全台熱翻！下週杜鵑「直撲日本3地區」 中秋連假天氣曝,生活氣象,非政治,三立新聞,"Fri, 18 Sep 2026 00:46:00 GMT"
2026-09-19,5,秋老虎報到全台熱翻！下週杜鵑「直撲日本3地區」 中秋連假天氣曝,生活氣象,非政治,三立新聞,"Fri, 18 Sep 2026 00:46:00 GMT"
2026-09-19,6,秋老虎報到全台熱翻！下週杜鵑「直撲日本3地區」 中秋連假天氣曝,生活氣象,非政治,三立新聞,"Fri, 18 Sep 2026 00:46:00 GMT"
2026-09-19,6,伊朗政權要被消滅？川普曝將做「重大決定」 下周6大海灣國家會晤牽動油價- 國際,國際,非政治,工商時報,"Fri, 18 Sep 2026 00:51:00 GMT"
2026-09-19,6,伊朗政權要被消滅？川普曝將做「重大決定」 下周6大海灣國家會晤牽動油價- 國際,國際,非政治,工商時報,"Fri, 18 Sep 2026 00:51:00 GMT"
2026-09-19,7,蔣萬安2024哈佛演講英文能力挨批 旅美教授看完力挺：選舉競爭也要講武德 | 蕭宥宸 | 新聞,政治,正面在野,風傳媒,"Fri, 18 Sep 2026 09:56:19 GMT"
2026-09-19,7,蔣萬安英文不好又怎麼？哈佛演講落漆片瘋傳⋯律師點出「真正問題」,政治,中性政治,Yahoo新聞,"Fri, 18 Sep 2026 23:56:00 GMT"
2026-09-19,7,被控「台灣間諜」遭中國關押 蔡金樹臉書發文：我回來了,政治,非政治,自由時報,"Fri, 18 Sep 2026 23:07:37 GMT"
2026-09-19,8,被控「台灣間諜」遭中國關押 蔡金樹臉書發文：我回來了,政治,非政治,自由時報,"Fri, 18 Sep 2026 23:07:37 GMT"
2026-09-19,8,"饒河夜市貼""洋流""竟遭公文警告 許淑華轟:北市府搞獨裁",政治,批在野,Yahoo新聞,"Fri, 18 Sep 2026 15:49:02 GMT"
2026-09-19,8,酸蔣萬安英文青鳥糗寫錯字方恩格：酸民加油- 政治,政治,批執政,中時新聞網,"Fri, 18 Sep 2026 15:42:24 GMT"
2026-09-19,9,預言「蔣萬安連任無懸念」！沈伯洋高EQ回應 小笠原欣幸狂讚：令人驚艷,政治,中性政治,Yahoo新聞,"Fri, 18 Sep 2026 21:22:00 GMT"
2026-09-19,9,被控「台灣間諜」遭中國關押 蔡金樹臉書發文：我回來了,政治,非政治,自由時報,"Fri, 18 Sep 2026 23:07:37 GMT"
2026-09-19,9,預言「蔣萬安連任無懸念」！沈伯洋高EQ回應 小笠原欣幸狂讚：令人驚艷,政治,中性政治,Yahoo新聞,"Fri, 18 Sep 2026 21:22:00 GMT"
2026-09-19,10,名古屋亞運／又遭打壓？亞奧會拒絕李洋入場「對方拿不出證明」 開村儀式台灣被迫退場,政治,非政治,鏡週刊,"Fri, 18 Sep 2026 05:56:00 GMT"
2026-09-19,10,預言「蔣萬安連任無懸念」！沈伯洋高EQ回應 小笠原欣幸狂讚：令人驚艷,政治,中性政治,Yahoo新聞,"Fri, 18 Sep 2026 21:22:00 GMT"
2026-09-19,10,"饒河夜市貼""洋流""竟遭公文警告 許淑華轟:北市府搞獨裁",政治,批在野,Yahoo新聞,"Fri, 18 Sep 2026 15:49:02 GMT"
2026-09-20,1,柯志恩合體蔣萬安六合夜市掃街 現場爆人潮,政治,中性政治,Yahoo新聞,"Sat, 19 Sep 2026 14:26:21 GMT"
2026-09-20,1,柯志恩合體蔣萬安六合夜市掃街 現場爆人潮,政治,中性政治,Yahoo新聞,"Sat, 19 Sep 2026 14:26:21 GMT"
2026-09-20,1,柯志恩合體蔣萬安六合夜市掃街 現場爆人潮,政治,中性政治,Yahoo新聞,"Sat, 19 Sep 2026 14:26:21 GMT"
2026-09-20,2,快訊／台南連鎖機車行嚴重火災！鋼骨變形、新車燒毀…隔壁醫美診所遭殃,社會,非政治,Yahoo新聞,"Sat, 19 Sep 2026 22:42:00 GMT"
2026-09-20,2,快訊／台南連鎖機車行嚴重火災！鋼骨變形、新車燒毀…隔壁醫美診所遭殃,社會,非政治,Yahoo新聞,"Sat, 19 Sep 2026 22:42:00 GMT"
2026-09-20,2,快訊／台南連鎖機車行嚴重火災！鋼骨變形、新車燒毀…隔壁醫美診所遭殃,社會,非政治,Yahoo新聞,"Sat, 19 Sep 2026 22:42:00 GMT"
2026-09-20,3,影／同事不知冰櫃藏屍6天…狠心男疑預謀殺泰女友 運屍畫面曝光,社會,非政治,UDN 聯合報,"Sat, 19 Sep 2026 08:28:59 GMT"
2026-09-20,3,首度嗨唱競選歌曲！沈伯洋曝參選秘辛 「政治菜鳥」求助賴清德被回一句,政治,中性政治,三立新聞,"Sat, 19 Sep 2026 14:14:00 GMT"
2026-09-20,3,沈伯洋演說拋金句「自由民主沒有血緣」！1段話萬人瘋傳淚：有洋蔥,政治,正面執政,Yahoo新聞,"Sat, 19 Sep 2026 21:53:00 GMT"
2026-09-20,4,首度嗨唱競選歌曲！沈伯洋曝參選秘辛 「政治菜鳥」求助賴清德被回一句,政治,中性政治,三立新聞,"Sat, 19 Sep 2026 14:14:00 GMT"
2026-09-20,4,影／同事不知冰櫃藏屍6天…狠心男疑預謀殺泰女友 運屍畫面曝光,社會,非政治,UDN 聯合報,"Sat, 19 Sep 2026 08:28:59 GMT"
2026-09-20,4,「秋老虎」下山！中秋連假天氣曝光 專家：各地晴朗高溫飆34度,生活氣象,非政治,鏡週刊,"Sat, 19 Sep 2026 00:31:00 GMT"
2026-09-20,5,謝典霖被抓Cheap：機關算盡太聰明連褲子都賠進去- 政治,社會,非政治,中時新聞網,"Fri, 18 Sep 2026 11:53:27 GMT"
2026-09-20,5,「秋老虎」下山！中秋連假天氣曝光 專家：各地晴朗高溫飆34度,生活氣象,非政治,鏡週刊,"Sat, 19 Sep 2026 00:31:00 GMT"
2026-09-20,5,魏平政聲援謝典霖喊「沒對價」！彰檢打臉：餐會又送蛋黃酥已超過千元,政治,批在野,三立新聞,"Sat, 19 Sep 2026 07:51:00 GMT"
2026-09-20,6,Anduril創辦人拉奇：自由是台灣最強武器應轉化為國防韌性| 政治,政治,非政治,中央社 CNA,"Sat, 19 Sep 2026 05:49:00 GMT"
2026-09-20,6,謝典霖被抓Cheap：機關算盡太聰明連褲子都賠進去- 政治,社會,非政治,中時新聞網,"Fri, 18 Sep 2026 11:53:27 GMT"
2026-09-20,6,Anduril創辦人拉奇：自由是台灣最強武器應轉化為國防韌性| 政治,政治,非政治,中央社 CNA,"Sat, 19 Sep 2026 05:49:00 GMT"
2026-09-20,7,蔣萬安英文卡詞！連勝文12年前「國際記者會」片段曝 網狂道歉：強多了,政治,中性政治,Yahoo新聞,"Sat, 19 Sep 2026 22:22:00 GMT"
2026-09-20,7,蔣萬安英文卡詞！連勝文12年前「國際記者會」片段曝 網狂道歉：強多了,政治,中性政治,Yahoo新聞,"Sat, 19 Sep 2026 22:22:00 GMT"
2026-09-20,7,蔣萬安英文卡詞！連勝文12年前「國際記者會」片段曝 網狂道歉：強多了,政治,中性政治,Yahoo新聞,"Sat, 19 Sep 2026 22:22:00 GMT"
2026-09-20,8,沈伯洋今高雄喝珍奶喊「也太甜了吧！」27日赴台中合體何欣純再掀話題,政治,中性政治,UDN 聯合報,"Sat, 19 Sep 2026 14:29:44 GMT"
2026-09-20,8,沈伯洋今高雄喝珍奶喊「也太甜了吧！」27日赴台中合體何欣純再掀話題,政治,中性政治,UDN 聯合報,"Sat, 19 Sep 2026 14:29:44 GMT"
2026-09-20,8,沈伯洋今高雄喝珍奶喊「也太甜了吧！」27日赴台中合體何欣純再掀話題,政治,中性政治,UDN 聯合報,"Sat, 19 Sep 2026 14:29:44 GMT"
2026-09-20,9,謝震武邀蔣萬安、沈伯洋「直球對決」 沈喊隨時可以！蔣：有機會、拭目以待,政治,中性政治,Yahoo新聞,"Sat, 19 Sep 2026 05:31:30 GMT"
2026-09-20,9,謝震武邀蔣萬安、沈伯洋「直球對決」 沈喊隨時可以！蔣：有機會、拭目以待,政治,中性政治,Yahoo新聞,"Sat, 19 Sep 2026 05:31:30 GMT"
2026-09-20,9,上王偉忠節目跳票？沈伯洋酸蔣萬安：北市府問題很多，可能特別忙,政治,批在野,三立新聞,"Sat, 19 Sep 2026 03:02:00 GMT"
2026-09-20,10,預測川習會台灣議題「無重大突破」 博明：川普不會上鉤,國際,非政治,自由時報,"Sat, 19 Sep 2026 11:23:37 GMT"
2026-09-20,10,預測川習會台灣議題「無重大突破」 博明：川普不會上鉤,國際,非政治,自由時報,"Sat, 19 Sep 2026 11:23:37 GMT"
2026-09-20,10,杜鵑升級中颱「預計大轉彎」 氣象署估明起水氣增,生活氣象,非政治,Yahoo新聞,"Sat, 19 Sep 2026 07:44:00 GMT"
2026-09-21,1,連2日午後雨最大！中秋連假「恐有新颱風」攪局 最新路徑預測曝,生活氣象,非政治,Yahoo新聞,"Sun, 20 Sep 2026 22:31:00 GMT"
2026-09-21,1,又有熱帶擾動發展！連假後期恐影響台灣 中秋賞月機率曝光,生活氣象,非政治,UDN 聯合報,"Sun, 20 Sep 2026 09:26:46 GMT"
2026-09-21,1,燒肉SMILE三重店嚴重火警！9人跳樓逃生送醫 築間深夜發重訊,社會,非政治,Yahoo新聞,"Sun, 20 Sep 2026 22:28:00 GMT"
2026-09-21,2,新北三重燒肉店火警多人2樓跳下逃生9送醫| 社會,社會,非政治,中央社 CNA,"Sun, 20 Sep 2026 14:09:00 GMT"
2026-09-21,2,燒肉SMILE三重店嚴重火警！9人跳樓逃生送醫 築間深夜發重訊,社會,非政治,Yahoo新聞,"Sun, 20 Sep 2026 22:28:00 GMT"
2026-09-21,2,洋流到桃園...沈伯洋中壢合體黃世杰人潮爆滿掃夜市前先開簽名會| 縣市長議員選戰| 要聞,政治,正面執政,UDN 聯合報,"Sun, 20 Sep 2026 13:40:53 GMT"
2026-09-21,3,洋流到桃園...沈伯洋中壢合體黃世杰人潮爆滿掃夜市前先開簽名會| 縣市長議員選戰| 要聞,政治,正面執政,UDN 聯合報,"Sun, 20 Sep 2026 13:40:53 GMT"
2026-09-21,3,洋流外溢桃園！沈伯洋合體黃世杰 中壢夜市擠爆了「現場人潮曝光」,政治,正面執政,三立新聞,"Sun, 20 Sep 2026 14:19:00 GMT"
2026-09-21,3,又有熱帶擾動發展！連假後期恐影響台灣 中秋賞月機率曝光,生活氣象,非政治,UDN 聯合報,"Sun, 20 Sep 2026 09:26:46 GMT"
2026-09-21,4,福斯新聞：川普對伊朗問題處於「決策模式」,國際,非政治,UDN 聯合報,"Sun, 20 Sep 2026 23:28:14 GMT"
2026-09-21,4,福斯新聞：川普對伊朗問題處於「決策模式」,國際,非政治,UDN 聯合報,"Sun, 20 Sep 2026 23:28:14 GMT"
2026-09-21,4,嗆「將伊朗夷為平地」！川普預告幹大事：考慮徹底摧毀,國際,非政治,Yahoo新聞,"Sun, 20 Sep 2026 23:24:00 GMT"
2026-09-21,5,官冷民熱…兩岸趨緊張台獨最大變數| 兩岸關係大調查| 要聞,政治,非政治,UDN 聯合報,"Sun, 20 Sep 2026 16:00:00 GMT"
2026-09-21,5,官冷民熱…兩岸趨緊張台獨最大變數| 兩岸關係大調查| 要聞,政治,非政治,UDN 聯合報,"Sun, 20 Sep 2026 16:00:00 GMT"
2026-09-21,5,官冷民熱…兩岸趨緊張台獨最大變數| 兩岸關係大調查| 要聞,政治,非政治,UDN 聯合報,"Sun, 20 Sep 2026 16:00:00 GMT"
2026-09-21,6,胡塞武裝稱對沙烏地首都及關鍵原油設施發動攻擊！石油出口面臨雙重威脅,國際,非政治,鉅亨網,"Sun, 20 Sep 2026 04:20:04 GMT"
2026-09-21,6,胡塞武裝稱對沙烏地首都及關鍵原油設施發動攻擊！石油出口面臨雙重威脅,國際,非政治,鉅亨網,"Sun, 20 Sep 2026 04:20:04 GMT"
2026-09-21,6,烏克蘭逾千架無人機襲俄羅斯莫斯科市遭遇歷來最大攻擊| 國際,國際,非政治,中央社 CNA,"Sun, 20 Sep 2026 12:21:00 GMT"
2026-09-21,7,川習會9/24登場！台灣軍售、關稅、AI都上桌 7大焦點一次看懂,政治,非政治,自由時報,"Sun, 20 Sep 2026 07:28:23 GMT"
2026-09-21,7,川習會9/24登場！台灣軍售、關稅、AI都上桌 7大焦點一次看懂,政治,非政治,自由時報,"Sun, 20 Sep 2026 07:28:23 GMT"
2026-09-21,7,川習會9/24登場！台灣軍售、關稅、AI都上桌 7大焦點一次看懂,政治,非政治,自由時報,"Sun, 20 Sep 2026 07:28:23 GMT"
2026-09-21,8,脫口中南部食物太甜引熱議 沈伯洋出席台南同鄉會當面致歉引爆笑聲,政治,中性政治,三立新聞,"Sun, 20 Sep 2026 09:25:00 GMT"
2026-09-21,8,吸引上萬人按讚！沈伯洋以血緣談民主自由 媒體人：打動兩代人,政治,正面執政,Yahoo新聞,"Sun, 20 Sep 2026 08:43:25 GMT"
2026-09-21,8,鬍鬚張挺蔣萬安遭綠側翼出征 媒體人提1事轟沈伯洋「青鳥頭子」：大罷免延長賽 | 林子靖 | 新聞,政治,批執政,風傳媒,"Sun, 20 Sep 2026 09:53:56 GMT"
2026-09-21,9,沈伯洋談民主「一句話」全場安靜！ 媒體人感嘆：洋流不只聲量,政治,正面執政,ETtoday新聞雲,"Sun, 20 Sep 2026 23:07:00 GMT"
2026-09-21,9,童子賢：一黨獨大非台灣人福氣,政治,批執政,Yahoo新聞,"Sun, 20 Sep 2026 20:10:00 GMT"
2026-09-21,9,吸引上萬人按讚！沈伯洋以血緣談民主自由 媒體人：打動兩代人,政治,正面執政,Yahoo新聞,"Sun, 20 Sep 2026 08:43:25 GMT"
2026-09-21,10,亞運／杜鵑登陸這地 名古屋亞運4千人選手村恐撤離,生活氣象,非政治,東森新聞,"Sun, 20 Sep 2026 00:39:00 GMT"
2026-09-21,10,脫口中南部食物太甜引熱議 沈伯洋出席台南同鄉會當面致歉引爆笑聲,政治,中性政治,三立新聞,"Sun, 20 Sep 2026 09:25:00 GMT"
2026-09-21,10,前空姐參選人「合照貼太近」挨批逾矩！沈伯洋高EQ回應 網讚：更圈粉,政治,正面執政,三立新聞,"Sun, 20 Sep 2026 21:03:00 GMT"
